id,first_name,last_name,email,gender,ip_address
1,Sarette,Caverhill,scaverhill0@goo.gl,Agender,174.115.5.29
2,Leland,McBrady,lmcbrady1@feedburner.com,Non-binary,193.74.196.88
3,Reilly,Duffy,rduffy2@etsy.com,Non-binary,5.169.119.70
4,Sebastien,Mollitt,smollitt3@google.es,Agender,20.81.106.226
5,Abbe,Forrestor,aforrestor4@flavors.me,Bigender,133.81.157.108
6,Etty,Lowey,elowey5@fema.gov,Polygender,113.110.197.196
7,Rance,Keuning,rkeuning6@dyndns.org,Genderqueer,14.161.26.151
8,Riva,Critten,rcritten7@odnoklassniki.ru,Female,64.79.164.52
9,Babita,Ledgard,bledgard8@theguardian.com,Polygender,136.252.199.158
10,Meris,Streater,mstreater9@blog.com,Male,46.104.6.215
11,Max,Marriot,mmarriota@themeforest.net,Male,204.86.116.24
12,Bern,Boriston,bboristonb@google.com.hk,Female,101.13.88.246
13,Papagena,Ray,prayc@icio.us,Agender,212.111.98.164
14,Andonis,Sheasby,asheasbyd@sina.com.cn,Agender,146.244.86.7
15,Renard,Searchfield,rsearchfielde@cbc.ca,Non-binary,65.57.148.163
16,Tressa,Etheridge,tetheridgef@g.co,Male,114.140.156.100
17,Rossy,Roelofs,rroelofsg@yahoo.co.jp,Female,186.80.216.25
18,Cosme,Woolham,cwoolhamh@un.org,Polygender,31.162.63.75
19,Jeanelle,Carrivick,jcarrivicki@umn.edu,Genderqueer,179.209.181.117
20,Sheridan,Rowett,srowettj@slate.com,Polygender,86.48.38.56
21,Vinny,Keune,vkeunek@nasa.gov,Non-binary,114.111.54.192
22,Emilee,Jozsika,ejozsikal@exblog.jp,Bigender,230.190.64.199
23,Traci,Riggert,triggertm@merriam-webster.com,Polygender,222.46.63.186
24,Melisande,Brisard,mbrisardn@php.net,Agender,70.91.22.182
25,Milton,Woolforde,mwoolfordeo@buzzfeed.com,Polygender,224.252.229.87
26,Coop,Gudde,cguddep@flickr.com,Genderfluid,103.114.173.103
27,Karl,Pottberry,kpottberryq@mozilla.org,Non-binary,151.196.90.63
28,Aura,Iwanczyk,aiwanczykr@exblog.jp,Non-binary,75.110.51.104
29,Wiatt,Sowley,wsowleys@google.es,Bigender,193.87.212.162
30,Charlene,Wegman,cwegmant@trellian.com,Bigender,129.138.255.89
31,Maison,Canto,mcantou@columbia.edu,Agender,83.36.182.81
32,Husein,Faro,hfarov@howstuffworks.com,Non-binary,118.143.141.194
33,Jonas,Motherwell,jmotherwellw@earthlink.net,Genderfluid,146.101.243.253
34,Marjy,Chipps,mchippsx@ebay.co.uk,Genderfluid,25.5.144.191
35,Marlo,Albion,malbiony@mlb.com,Polygender,171.50.33.70
36,Corabelle,Thunderman,cthundermanz@blinklist.com,Non-binary,137.109.172.61
37,Mitchael,Penvarden,mpenvarden10@biblegateway.com,Bigender,107.33.24.90
38,Nicol,Wetton,nwetton11@storify.com,Non-binary,178.47.181.87
39,Donnell,Spenclay,dspenclay12@tiny.cc,Female,249.94.218.82
40,Melina,Ealles,mealles13@wiley.com,Female,154.39.238.209
41,Montague,Mailey,mmailey14@epa.gov,Agender,157.10.47.180
42,Rowena,Van Saltsberg,rvansaltsberg15@cornell.edu,Female,186.247.166.29
43,Adriena,Juara,ajuara16@unc.edu,Polygender,96.105.106.230
44,Dido,Larkings,dlarkings17@cargocollective.com,Bigender,243.201.216.96
45,Zora,Klassmann,zklassmann18@mit.edu,Female,227.59.96.141
46,Colas,Kerin,ckerin19@fc2.com,Genderfluid,206.181.137.185
47,Joseito,Chant,jchant1a@wikimedia.org,Genderqueer,41.145.192.182
48,Perl,Sprason,psprason1b@dmoz.org,Non-binary,136.55.164.128
49,Connor,Peppard,cpeppard1c@acquirethisname.com,Agender,44.119.121.103
50,Candi,Restorick,crestorick1d@sina.com.cn,Male,126.196.125.216
51,Ingeborg,Nuzzti,inuzzti1e@geocities.jp,Genderfluid,17.7.94.119
52,Beverly,Genney,bgenney1f@java.com,Bigender,58.103.95.44
53,Janeva,Lippo,jlippo1g@oakley.com,Male,37.21.177.247
54,Roxine,Bowness,rbowness1h@ebay.co.uk,Polygender,215.245.50.105
55,Shari,Dewer,sdewer1i@etsy.com,Female,78.216.45.31
56,Randie,Ayliff,rayliff1j@fastcompany.com,Male,88.56.13.65
57,Kirsti,Neathway,kneathway1k@wp.com,Genderqueer,82.188.159.152
58,Bernie,Paddick,bpaddick1l@wix.com,Non-binary,0.212.127.228
59,Cross,Armstrong,carmstrong1m@webnode.com,Genderfluid,247.216.110.167
60,Demetrius,Heining,dheining1n@360.cn,Genderqueer,224.232.182.86
61,Mellicent,Mowday,mmowday1o@about.com,Genderfluid,184.246.220.78
62,Louella,Heatherington,lheatherington1p@indiatimes.com,Genderfluid,121.51.32.86
63,Horacio,Wilce,hwilce1q@plala.or.jp,Genderqueer,228.31.136.191
64,Agata,Killelea,akillelea1r@unc.edu,Female,27.43.36.248
65,Tymothy,Roath,troath1s@biblegateway.com,Genderqueer,63.67.89.97
66,Cicely,Plascott,cplascott1t@howstuffworks.com,Genderfluid,107.224.56.206
67,Abbie,Grane,agrane1u@ted.com,Polygender,178.195.36.25
68,Gael,Tinto,gtinto1v@ed.gov,Agender,25.67.16.146
69,Cullan,Koles,ckoles1w@unesco.org,Agender,213.126.21.42
70,Gideon,Corrison,gcorrison1x@intel.com,Genderfluid,144.172.76.15
71,Vanni,Machen,vmachen1y@dell.com,Female,215.1.201.2
72,Ania,Questier,aquestier1z@huffingtonpost.com,Bigender,238.122.33.40
73,Audi,Wheelton,awheelton20@domainmarket.com,Non-binary,130.123.173.197
74,Mauricio,Dell'Abbate,mdellabbate21@reference.com,Non-binary,10.197.32.0
75,Sherline,Rosenstengel,srosenstengel22@dailymail.co.uk,Non-binary,22.35.193.206
76,Rich,Wingrove,rwingrove23@photobucket.com,Bigender,43.100.191.204
77,Rozalin,Madsen,rmadsen24@nydailynews.com,Female,8.171.106.108
78,Bria,Flecknell,bflecknell25@samsung.com,Agender,59.151.38.143
79,Augy,Yallop,ayallop26@huffingtonpost.com,Non-binary,243.226.131.123
80,Henrie,Mothersole,hmothersole27@squarespace.com,Female,160.191.33.87
81,Linnie,Luckie,lluckie28@blogtalkradio.com,Non-binary,26.61.159.47
82,Ali,Tremeer,atremeer29@dyndns.org,Male,130.138.85.157
83,Meryl,Marjoram,mmarjoram2a@merriam-webster.com,Female,15.88.143.9
84,Lyell,Barter,lbarter2b@ucla.edu,Polygender,231.154.253.225
85,Stephie,Mein,smein2c@livejournal.com,Male,132.225.43.162
86,Meghan,Cristofalo,mcristofalo2d@latimes.com,Genderqueer,91.193.4.11
87,Annabel,Latchford,alatchford2e@nationalgeographic.com,Bigender,78.168.219.72
88,Blithe,De Domenici,bdedomenici2f@homestead.com,Female,161.6.159.181
89,Becki,Beak,bbeak2g@about.me,Bigender,74.160.188.229
90,Grier,Feige,gfeige2h@ox.ac.uk,Bigender,227.138.107.37
91,Guilbert,Putland,gputland2i@google.es,Polygender,122.182.171.61
92,Denise,Gepheart,dgepheart2j@nydailynews.com,Bigender,125.136.161.159
93,Chadwick,Bodicam,cbodicam2k@nytimes.com,Non-binary,246.41.208.231
94,Gabie,Terrans,gterrans2l@scribd.com,Non-binary,52.0.214.145
95,Abagael,Walhedd,awalhedd2m@smugmug.com,Genderfluid,249.168.226.140
96,Hailee,Woodley,hwoodley2n@sciencedaily.com,Polygender,189.242.186.28
97,Teressa,Perrington,tperrington2o@addthis.com,Bigender,40.96.62.120
98,Poul,Lattimore,plattimore2p@pen.io,Male,23.138.203.11
99,Anthiathia,Jackett,ajackett2q@google.com.hk,Polygender,215.155.29.168
100,Tamma,Mullender,tmullender2r@1und1.de,Bigender,159.224.237.121
101,Aridatha,Kezor,akezor2s@hexun.com,Non-binary,2.117.219.86
102,Melisandra,Lettington,mlettington2t@godaddy.com,Bigender,181.111.142.204
103,Myron,Northage,mnorthage2u@altervista.org,Agender,129.135.6.235
104,Pablo,Splevin,psplevin2v@hhs.gov,Male,15.201.70.59
105,Nancy,But,nbut2w@princeton.edu,Bigender,112.206.165.196
106,Maressa,Olliffe,molliffe2x@people.com.cn,Non-binary,8.34.82.163
107,Gnni,Roskeilly,groskeilly2y@printfriendly.com,Female,73.248.224.23
108,Chandra,Chetwind,cchetwind2z@loc.gov,Genderqueer,205.221.111.36
109,Tori,Rahlof,trahlof30@eepurl.com,Non-binary,227.103.88.196
110,Gustaf,Slight,gslight31@bloomberg.com,Female,254.250.48.123
111,Rhoda,Ginn,rginn32@baidu.com,Agender,154.187.25.251
112,Gerhard,Goldthorpe,ggoldthorpe33@japanpost.jp,Female,240.18.170.220
113,Noak,Blandford,nblandford34@spiegel.de,Genderqueer,219.247.206.189
114,Fields,Maulden,fmaulden35@ning.com,Genderfluid,19.94.135.213
115,Gabbie,Brereton,gbrereton36@blogtalkradio.com,Female,29.204.174.177
116,Gerladina,Emms,gemms37@csmonitor.com,Agender,66.114.124.94
117,Ceciley,Twamley,ctwamley38@ow.ly,Agender,145.229.202.89
118,Leelah,Cogley,lcogley39@amazon.co.jp,Genderfluid,49.117.168.146
119,Neda,Kloss,nkloss3a@so-net.ne.jp,Genderfluid,41.81.185.128
120,Nanci,Demcik,ndemcik3b@so-net.ne.jp,Male,239.4.120.143
121,Viola,Ferrar,vferrar3c@bravesites.com,Agender,81.76.184.227
122,Karry,Shenley,kshenley3d@soundcloud.com,Bigender,177.132.25.197
123,Alvinia,Cockshut,acockshut3e@yandex.ru,Bigender,53.94.204.90
124,Anderson,Hodgets,ahodgets3f@pcworld.com,Polygender,50.251.0.156
125,Tiebold,Fairpool,tfairpool3g@elegantthemes.com,Bigender,202.242.13.91
126,Cedric,Heiss,cheiss3h@unc.edu,Bigender,117.94.66.192
127,Mordecai,Kettlestringes,mkettlestringes3i@photobucket.com,Agender,69.37.131.44
128,Gayleen,Downgate,gdowngate3j@google.ca,Non-binary,71.86.76.3
129,Liana,Ingley,lingley3k@umich.edu,Agender,204.24.178.52
130,Nettie,Bennie,nbennie3l@java.com,Genderqueer,0.86.88.202
131,Sharai,Vaudre,svaudre3m@studiopress.com,Agender,127.224.142.188
132,Alexi,O'Leary,aoleary3n@t-online.de,Male,155.243.211.27
133,Aurea,Stote,astote3o@merriam-webster.com,Bigender,193.134.78.237
134,Berny,Nenci,bnenci3p@cnet.com,Non-binary,128.142.135.5
135,Ruttger,Bails,rbails3q@edublogs.org,Male,157.207.147.137
136,Roshelle,Benthall,rbenthall3r@technorati.com,Polygender,140.152.35.38
137,Leesa,Renzo,lrenzo3s@hud.gov,Male,164.253.75.26
138,Kathe,Darbon,kdarbon3t@cargocollective.com,Polygender,182.25.217.17
139,Germana,Bonnor,gbonnor3u@gmpg.org,Genderqueer,189.172.227.216
140,Natalina,Rispin,nrispin3v@fastcompany.com,Female,49.103.15.229
141,Mara,Brickdale,mbrickdale3w@rambler.ru,Genderqueer,33.164.163.84
142,Pennie,Stokoe,pstokoe3x@businesswire.com,Bigender,118.1.78.105
143,Simona,Davidovicz,sdavidovicz3y@statcounter.com,Agender,35.204.43.174
144,Gabriell,Couvet,gcouvet3z@discovery.com,Genderfluid,37.200.159.11
145,Marrilee,Bompas,mbompas40@huffingtonpost.com,Genderqueer,41.67.233.174
146,Carleen,Pallister,cpallister41@sciencedaily.com,Non-binary,132.150.95.140
147,Phaedra,Casaro,pcasaro42@mapquest.com,Genderqueer,115.71.97.38
148,Odelinda,Dobrovolny,odobrovolny43@yale.edu,Genderqueer,174.253.72.230
149,Chauncey,Buckbee,cbuckbee44@unblog.fr,Bigender,143.203.181.155
150,Simona,Coronado,scoronado45@php.net,Agender,73.76.7.138
151,Mellicent,Holworth,mholworth46@nbcnews.com,Agender,112.166.119.240
152,Eleonore,Haquard,ehaquard47@ycombinator.com,Polygender,79.70.144.94
153,Marney,Glendza,mglendza48@usa.gov,Non-binary,49.150.180.219
154,Donnamarie,Joncic,djoncic49@japanpost.jp,Bigender,211.38.221.7
155,Fulvia,Kellough,fkellough4a@uol.com.br,Polygender,79.50.127.86
156,Kelcie,Klugman,kklugman4b@bizjournals.com,Non-binary,37.114.15.167
157,Helge,Cuming,hcuming4c@who.int,Bigender,127.7.94.199
158,Abbie,Mabone,amabone4d@blogspot.com,Male,185.134.22.59
159,Newton,Ansley,nansley4e@whitehouse.gov,Polygender,251.226.144.47
160,Meriel,Jeanneau,mjeanneau4f@cmu.edu,Agender,129.111.42.63
161,Zsazsa,Ennew,zennew4g@latimes.com,Genderfluid,137.63.136.235
162,Fae,Washington,fwashington4h@stanford.edu,Female,19.216.96.150
163,Hedvig,Pumphreys,hpumphreys4i@discovery.com,Male,82.107.87.38
164,Bili,Caudrey,bcaudrey4j@ft.com,Non-binary,35.204.108.163
165,Jolynn,Jurisch,jjurisch4k@statcounter.com,Bigender,114.20.74.16
166,Thebault,Stenning,tstenning4l@skype.com,Genderqueer,74.195.145.190
167,Halie,Causbey,hcausbey4m@ustream.tv,Non-binary,35.141.39.93
168,Rab,Shuxsmith,rshuxsmith4n@ucla.edu,Bigender,203.98.102.140
169,Brendan,Mendel,bmendel4o@taobao.com,Bigender,139.105.83.208
170,Ambros,Valsler,avalsler4p@bandcamp.com,Female,47.78.133.180
171,Addi,Jowett,ajowett4q@ft.com,Genderfluid,216.117.34.81
172,Walker,Semerad,wsemerad4r@hexun.com,Genderfluid,15.171.155.155
173,Frankie,MacNeachtain,fmacneachtain4s@twitter.com,Genderqueer,203.71.45.215
174,Emelita,Hagwood,ehagwood4t@stumbleupon.com,Non-binary,185.121.163.78
175,Opaline,Hedderly,ohedderly4u@vkontakte.ru,Agender,165.129.96.182
176,Drew,McGrory,dmcgrory4v@quantcast.com,Non-binary,134.34.0.238
177,Jaine,Satterlee,jsatterlee4w@msu.edu,Bigender,249.2.38.250
178,Caryl,Elgey,celgey4x@cpanel.net,Non-binary,97.112.169.72
179,Jehanna,Bravington,jbravington4y@fastcompany.com,Genderqueer,93.83.166.191
180,Norri,Hulance,nhulance4z@mozilla.org,Genderqueer,163.33.65.219
181,Ludovico,Deering,ldeering50@dmoz.org,Genderfluid,122.57.183.156
182,Tracee,Felgat,tfelgat51@indiatimes.com,Polygender,89.190.212.109
183,Lindsey,Emett,lemett52@bandcamp.com,Polygender,200.16.199.45
184,Glynn,Carabet,gcarabet53@hp.com,Male,54.182.173.127
185,Kiah,Nerheny,knerheny54@t.co,Polygender,100.108.170.20
186,Karlotte,Fairburne,kfairburne55@xrea.com,Non-binary,201.194.4.96
187,Kore,Coey,kcoey56@chicagotribune.com,Bigender,150.104.50.94
188,Dickie,Wiggins,dwiggins57@pen.io,Bigender,199.38.126.54
189,Happy,Dods,hdods58@desdev.cn,Non-binary,53.167.160.202
190,Ardeen,Pinke,apinke59@amazon.de,Polygender,170.11.65.120
191,Buddy,Crossgrove,bcrossgrove5a@geocities.jp,Non-binary,202.179.137.212
192,Jesselyn,Mobbs,jmobbs5b@nih.gov,Non-binary,62.82.97.19
193,Nikita,Childerhouse,nchilderhouse5c@wiley.com,Polygender,166.38.64.122
194,Grethel,Gleader,ggleader5d@com.com,Genderfluid,141.165.107.177
195,Carolin,Dolton,cdolton5e@wikia.com,Non-binary,18.97.153.158
196,Christean,Vasiliev,cvasiliev5f@theguardian.com,Polygender,12.58.161.82
197,Malissa,Chamberlin,mchamberlin5g@ycombinator.com,Polygender,21.193.183.66
198,Dianemarie,Ehrat,dehrat5h@google.ca,Genderqueer,202.22.156.111
199,Giffer,MacLeod,gmacleod5i@topsy.com,Agender,10.103.119.162
200,Morgen,Wissbey,mwissbey5j@lycos.com,Agender,153.30.46.216
201,Nelly,Solesbury,nsolesbury5k@prlog.org,Genderqueer,252.138.40.146
202,Starla,Dargie,sdargie5l@plala.or.jp,Bigender,131.38.226.133
203,Clare,Dennitts,cdennitts5m@forbes.com,Genderqueer,83.98.144.33
204,Morley,Manley,mmanley5n@hud.gov,Bigender,235.179.236.28
205,Feodor,Spellesy,fspellesy5o@simplemachines.org,Genderqueer,198.64.243.209
206,Basil,Metts,bmetts5p@washington.edu,Genderfluid,84.17.94.61
207,Eli,Merner,emerner5q@oaic.gov.au,Female,113.34.176.98
208,Silvia,Ranson,sranson5r@constantcontact.com,Agender,249.97.138.209
209,Sigrid,Borrel,sborrel5s@mit.edu,Bigender,236.208.161.48
210,Chloris,Girodier,cgirodier5t@sciencedaily.com,Genderqueer,183.249.183.176
211,Fonsie,Melross,fmelross5u@accuweather.com,Genderfluid,249.36.70.194
212,Fifine,Castano,fcastano5v@forbes.com,Male,155.178.216.139
213,Dukie,Richten,drichten5w@apache.org,Agender,54.169.212.218
214,Rabi,MacAlpin,rmacalpin5x@jalbum.net,Non-binary,218.249.39.135
215,Adeline,Thorsen,athorsen5y@bing.com,Genderqueer,3.211.173.149
216,Minnaminnie,Ezzell,mezzell5z@sfgate.com,Agender,53.51.123.36
217,Tiffy,Barten,tbarten60@imdb.com,Non-binary,46.173.62.39
218,Robinet,Argabrite,rargabrite61@pagesperso-orange.fr,Non-binary,36.83.182.24
219,Abran,Humber,ahumber62@nhs.uk,Agender,229.210.250.79
220,Alejandrina,Wolvey,awolvey63@godaddy.com,Bigender,214.27.162.98
221,Bunny,Waddilove,bwaddilove64@storify.com,Bigender,244.58.34.33
222,Eda,Gowenlock,egowenlock65@goo.ne.jp,Genderqueer,9.178.139.23
223,Ezra,Cuthbert,ecuthbert66@toplist.cz,Female,248.18.207.36
224,Drucill,Seear,dseear67@bigcartel.com,Genderqueer,161.140.133.144
225,Gabriel,Galer,ggaler68@symantec.com,Female,108.251.137.46
226,Emory,Romanet,eromanet69@boston.com,Female,5.203.195.1
227,Cirilo,De la Feld,cdelafeld6a@ow.ly,Polygender,208.84.89.8
228,Wendye,Buddell,wbuddell6b@unesco.org,Agender,97.142.231.24
229,Rex,Whorall,rwhorall6c@weibo.com,Polygender,35.217.61.243
230,Brant,Paige,bpaige6d@163.com,Non-binary,35.160.139.44
231,Caressa,Lorentz,clorentz6e@time.com,Male,142.137.125.251
232,Heall,Zumbusch,hzumbusch6f@army.mil,Agender,250.69.20.98
233,Caye,Aldersey,caldersey6g@zdnet.com,Genderfluid,208.48.124.162
234,Nikolia,Dutton,ndutton6h@google.fr,Polygender,138.156.222.41
235,Adaline,Lymbourne,alymbourne6i@typepad.com,Agender,116.208.157.147
236,Teddy,Shovelin,tshovelin6j@tumblr.com,Non-binary,168.126.33.110
237,Abagael,Toynbee,atoynbee6k@baidu.com,Polygender,169.240.2.46
238,Kristan,Cureton,kcureton6l@myspace.com,Male,225.212.92.252
239,Kattie,Antoniat,kantoniat6m@theguardian.com,Genderqueer,193.218.106.79
240,Mace,Libbis,mlibbis6n@shutterfly.com,Female,179.188.148.47
241,Euell,Deackes,edeackes6o@sfgate.com,Genderqueer,236.215.178.55
242,Henderson,Pinchon,hpinchon6p@psu.edu,Bigender,213.148.32.60
243,Chelsy,Alloway,calloway6q@google.ru,Genderfluid,74.141.59.199
244,Ruy,Hanstock,rhanstock6r@fastcompany.com,Polygender,31.227.245.164
245,Grissel,Walshaw,gwalshaw6s@ask.com,Bigender,57.222.156.16
246,Edgard,Windmill,ewindmill6t@gnu.org,Non-binary,162.59.123.107
247,Alic,Boater,aboater6u@bandcamp.com,Bigender,245.26.182.101
248,Roosevelt,Tressler,rtressler6v@eepurl.com,Agender,203.192.242.20
249,Marris,Blamire,mblamire6w@t.co,Agender,201.243.103.178
250,Levi,Alenikov,lalenikov6x@umn.edu,Genderqueer,101.50.220.245
251,Calida,Geerits,cgeerits6y@twitter.com,Agender,235.5.94.200
252,Jilleen,Fullun,jfullun6z@joomla.org,Agender,6.173.233.235
253,Quintana,Lilie,qlilie70@free.fr,Genderfluid,114.241.161.217
254,Lynde,McCloy,lmccloy71@blogger.com,Bigender,183.173.177.157
255,Junette,Mulford,jmulford72@flavors.me,Polygender,11.142.96.223
256,Karon,Yezafovich,kyezafovich73@wp.com,Non-binary,232.4.242.115
257,Emlynne,Saffon,esaffon74@bbb.org,Bigender,33.169.17.52
258,Vernon,Dennidge,vdennidge75@dailymail.co.uk,Bigender,152.15.200.169
259,Mauricio,Caghy,mcaghy76@walmart.com,Bigender,23.201.30.245
260,Rainer,Whorton,rwhorton77@cisco.com,Male,161.21.247.119
261,Alethea,Riddel,ariddel78@dropbox.com,Bigender,94.125.115.146
262,Ingunna,Partridge,ipartridge79@ucsd.edu,Female,140.249.63.137
263,Jilly,McGillreich,jmcgillreich7a@cnn.com,Polygender,134.77.178.68
264,Hogan,Deabill,hdeabill7b@tmall.com,Male,93.213.5.60
265,Philbert,Parkyn,pparkyn7c@geocities.jp,Male,157.150.129.238
266,Catriona,Chestnutt,cchestnutt7d@goodreads.com,Non-binary,143.220.167.61
267,Bond,Winspear,bwinspear7e@hao123.com,Agender,164.40.219.85
268,Ron,Search,rsearch7f@huffingtonpost.com,Male,163.15.115.132
269,Renie,Stitle,rstitle7g@nature.com,Polygender,83.72.207.165
270,Selene,Treweek,streweek7h@deliciousdays.com,Male,201.166.239.237
271,Annnora,Robroe,arobroe7i@google.ru,Female,139.27.46.7
272,Carla,Bampton,cbampton7j@livejournal.com,Female,134.245.152.239
273,Hildegaard,Verecker,hverecker7k@wordpress.org,Male,11.250.15.22
274,Susan,Farquar,sfarquar7l@chron.com,Non-binary,170.37.100.109
275,Zea,Walster,zwalster7m@plala.or.jp,Polygender,49.0.236.86
276,Simeon,Attenbrow,sattenbrow7n@naver.com,Male,225.73.180.244
277,Curt,Rens,crens7o@phoca.cz,Female,139.0.71.227
278,Baldwin,Codman,bcodman7p@sun.com,Polygender,167.220.82.112
279,Lucien,Ziehm,lziehm7q@uol.com.br,Genderqueer,199.212.0.95
280,Gwynne,Warbrick,gwarbrick7r@msu.edu,Bigender,158.108.152.230
281,Valida,Cutcliffe,vcutcliffe7s@xrea.com,Agender,250.53.56.78
282,Zackariah,Eastgate,zeastgate7t@harvard.edu,Genderfluid,198.106.78.54
283,Aviva,Glenn,aglenn7u@state.gov,Non-binary,36.235.226.136
284,Clementine,Nelius,cnelius7v@globo.com,Bigender,216.181.106.246
285,Lorie,Seagar,lseagar7w@google.fr,Female,152.234.54.151
286,Horatius,Huton,hhuton7x@livejournal.com,Genderqueer,177.120.217.88
287,Delcine,Coleshill,dcoleshill7y@ning.com,Non-binary,29.87.203.187
288,Marvin,Vallow,mvallow7z@msn.com,Non-binary,83.86.0.244
289,Modestine,Wreath,mwreath80@berkeley.edu,Genderfluid,109.70.58.45
290,Dniren,Lowndes,dlowndes81@mapy.cz,Female,182.11.155.86
291,Annette,Halworth,ahalworth82@bloglovin.com,Agender,60.217.42.13
292,Prudi,Ridding,pridding83@toplist.cz,Female,92.45.67.197
293,Joell,Morrid,jmorrid84@cbsnews.com,Bigender,199.99.106.99
294,Collete,Forsbey,cforsbey85@comcast.net,Agender,224.225.137.114
295,Esdras,Hapgood,ehapgood86@hostgator.com,Female,225.33.189.118
296,Berry,Menlow,bmenlow87@cnn.com,Female,153.247.82.185
297,Diego,Courtonne,dcourtonne88@typepad.com,Non-binary,172.208.138.21
298,Gil,O'Corrane,gocorrane89@ted.com,Female,35.105.28.1
299,Marv,Oakey,moakey8a@disqus.com,Polygender,179.53.28.83
300,Catina,Edmundson,cedmundson8b@wordpress.com,Male,134.121.250.216
301,Vance,Chelley,vchelley8c@cdbaby.com,Genderqueer,253.192.122.80
302,Clayborn,Ginie,cginie8d@dropbox.com,Polygender,91.128.31.59
303,Jon,Hewertson,jhewertson8e@comsenz.com,Agender,41.119.45.147
304,Clari,Symones,csymones8f@cyberchimps.com,Female,18.139.55.137
305,Aguste,Priddy,apriddy8g@skyrock.com,Genderqueer,86.133.185.228
306,Henry,Irnis,hirnis8h@telegraph.co.uk,Genderfluid,211.3.167.135
307,Margalit,Cowhig,mcowhig8i@usda.gov,Bigender,220.143.217.56
308,Koressa,Mackieson,kmackieson8j@skype.com,Bigender,144.29.159.42
309,Kellyann,Cassam,kcassam8k@washington.edu,Agender,91.181.140.245
310,Corrine,Hiorn,chiorn8l@cbsnews.com,Genderqueer,196.100.255.102
311,West,Udie,wudie8m@nydailynews.com,Non-binary,204.84.155.186
312,Sapphire,Symon,ssymon8n@forbes.com,Genderqueer,237.149.175.12
313,Jaine,Verrier,jverrier8o@surveymonkey.com,Genderqueer,162.58.45.156
314,Dorolisa,Broadbear,dbroadbear8p@nature.com,Polygender,38.28.248.138
315,Marion,Brumfitt,mbrumfitt8q@redcross.org,Genderqueer,112.233.98.166
316,Alard,Jochen,ajochen8r@economist.com,Polygender,196.1.247.23
317,Yoko,Gisbye,ygisbye8s@yelp.com,Bigender,136.25.103.26
318,Adorne,Pinnocke,apinnocke8t@ox.ac.uk,Genderfluid,21.33.178.240
319,Jeffy,Bendare,jbendare8u@parallels.com,Non-binary,31.90.30.192
320,Garvy,Cockerton,gcockerton8v@geocities.com,Genderqueer,142.165.205.206
321,Dee dee,Glassford,dglassford8w@marriott.com,Agender,3.63.191.180
322,Fay,Robilliard,frobilliard8x@topsy.com,Female,34.96.85.40
323,Elyse,Vanyakin,evanyakin8y@nature.com,Male,213.174.15.32
324,Buck,Jillett,bjillett8z@google.nl,Non-binary,119.25.16.177
325,Joana,Egel,jegel90@economist.com,Agender,13.36.58.166
326,Shawnee,Caffrey,scaffrey91@wix.com,Male,136.37.249.78
327,Gawen,Mepsted,gmepsted92@furl.net,Male,196.118.51.126
328,Johann,Tipton,jtipton93@parallels.com,Male,222.215.32.166
329,Dela,De Nisco,ddenisco94@myspace.com,Male,30.173.92.26
330,Morgana,Portress,mportress95@pen.io,Female,146.125.240.74
331,Roley,Swatland,rswatland96@comcast.net,Non-binary,242.225.119.107
332,Larry,Moehler,lmoehler97@paginegialle.it,Agender,192.21.114.155
333,Nanete,Alabastar,nalabastar98@adobe.com,Female,251.190.227.193
334,Isaiah,Bygraves,ibygraves99@mapquest.com,Male,224.60.192.213
335,Bradly,Gerckens,bgerckens9a@wisc.edu,Genderfluid,142.114.25.183
336,Cos,Raywood,craywood9b@mozilla.org,Agender,167.11.181.237
337,Erwin,Berr,eberr9c@si.edu,Agender,197.199.234.158
338,Herc,Andryunin,handryunin9d@ocn.ne.jp,Female,255.172.194.69
339,Mylo,Deetlof,mdeetlof9e@salon.com,Agender,173.237.17.173
340,Salaidh,Rugge,srugge9f@skype.com,Genderqueer,71.173.42.196
341,Vere,Olifaunt,volifaunt9g@technorati.com,Non-binary,6.193.182.155
342,Rey,Plumridege,rplumridege9h@de.vu,Male,15.184.108.59
343,Katine,Stanyer,kstanyer9i@blogtalkradio.com,Polygender,156.42.38.106
344,Bearnard,Gatheridge,bgatheridge9j@hubpages.com,Genderqueer,194.100.145.251
345,Didi,Fisher,dfisher9k@nymag.com,Female,123.200.32.63
346,Phillipe,Larkin,plarkin9l@loc.gov,Genderqueer,125.111.172.248
347,Kyrstin,Marklin,kmarklin9m@stanford.edu,Female,26.89.200.72
348,Austin,Hamel,ahamel9n@sakura.ne.jp,Bigender,157.211.123.20
349,Lars,Durrance,ldurrance9o@adobe.com,Polygender,185.4.4.43
350,Bren,Sprakes,bsprakes9p@army.mil,Genderfluid,93.81.250.29
351,Silvester,Castellini,scastellini9q@samsung.com,Genderfluid,77.207.233.75
352,Estelle,Biglin,ebiglin9r@paypal.com,Polygender,122.197.150.34
353,Monica,Jinkins,mjinkins9s@typepad.com,Agender,30.157.33.134
354,Ema,Ludlom,eludlom9t@smugmug.com,Female,26.30.226.9
355,Aloin,Bonett,abonett9u@meetup.com,Genderqueer,72.230.158.118
356,Dina,Rignall,drignall9v@nature.com,Male,22.207.103.148
357,Lyndell,Faulo,lfaulo9w@merriam-webster.com,Female,86.130.148.221
358,Ashleigh,Mackie,amackie9x@bigcartel.com,Bigender,139.102.177.230
359,Heinrik,Maypowder,hmaypowder9y@webnode.com,Agender,95.176.232.14
360,Teodorico,Saggs,tsaggs9z@skyrock.com,Genderfluid,208.110.216.125
361,Vonny,Inkpin,vinkpina0@dailymotion.com,Bigender,15.24.100.43
362,Terrie,Stammler,tstammlera1@rambler.ru,Bigender,163.164.95.192
363,Samuele,Ellicock,sellicocka2@sciencedirect.com,Genderqueer,53.16.20.24
364,Tatum,Ahrens,tahrensa3@surveymonkey.com,Agender,73.130.69.17
365,Esmaria,Shrawley,eshrawleya4@wunderground.com,Agender,234.52.158.254
366,Wiley,Ruffler,wrufflera5@dion.ne.jp,Bigender,187.140.35.154
367,Nicholle,Harg,nharga6@sbwire.com,Agender,158.226.163.108
368,Zabrina,Trosdall,ztrosdalla7@jalbum.net,Polygender,7.12.134.250
369,Mireille,Lucus,mlucusa8@123-reg.co.uk,Genderfluid,187.183.219.168
370,Brena,Branchflower,bbranchflowera9@admin.ch,Bigender,195.49.83.255
371,Emera,Warboys,ewarboysaa@deliciousdays.com,Agender,166.73.38.216
372,Maurice,Paschke,mpaschkeab@cbslocal.com,Agender,153.141.39.50
373,Cristie,Culley,cculleyac@goo.ne.jp,Agender,154.133.109.186
374,Osbourne,Stoyell,ostoyellad@plala.or.jp,Non-binary,182.126.221.181
375,Issiah,McMyler,imcmylerae@nba.com,Male,181.101.171.122
376,Ethelred,Pioli,epioliaf@mediafire.com,Male,104.230.88.34
377,Grete,Hotton,ghottonag@theguardian.com,Bigender,33.149.11.21
378,Esta,Crampin,ecrampinah@stumbleupon.com,Agender,40.173.227.99
379,Danny,Chaperlin,dchaperlinai@reverbnation.com,Female,249.107.55.108
380,Tabbatha,Tickel,ttickelaj@businesswire.com,Polygender,237.135.50.163
381,Colet,Joannidi,cjoannidiak@craigslist.org,Bigender,169.221.241.7
382,Orelia,Franzelini,ofranzelinial@ask.com,Genderfluid,216.94.11.145
383,Ardelia,Rickett,arickettam@ezinearticles.com,Non-binary,135.255.253.111
384,Tomlin,Bau,tbauan@google.es,Genderfluid,28.132.45.198
385,Helen-elizabeth,Yeulet,hyeuletao@npr.org,Genderqueer,56.8.92.193
386,Jeri,Roughey,jrougheyap@nyu.edu,Genderqueer,188.51.227.30
387,Wiley,Lowthian,wlowthianaq@yolasite.com,Genderqueer,147.7.240.49
388,Lottie,Blazynski,lblazynskiar@state.gov,Bigender,96.15.194.236
389,Tanya,Kempston,tkempstonas@quantcast.com,Non-binary,55.65.67.119
390,Kordula,Cruse,kcruseat@parallels.com,Genderqueer,123.246.168.100
391,Bobbee,Vanyushkin,bvanyushkinau@nba.com,Agender,31.169.46.124
392,Blayne,Wingfield,bwingfieldav@typepad.com,Agender,35.49.176.6
393,Gamaliel,Coghill,gcoghillaw@bloomberg.com,Genderfluid,96.244.197.182
394,Ambrosi,Ivashin,aivashinax@blogs.com,Male,160.25.144.117
395,Hieronymus,Godbehere,hgodbehereay@stumbleupon.com,Bigender,77.112.91.138
396,Gusella,Canedo,gcanedoaz@simplemachines.org,Non-binary,180.178.193.51
397,Dahlia,Walne,dwalneb0@nbcnews.com,Male,117.200.37.194
398,Abra,Rigts,arigtsb1@seattletimes.com,Agender,184.85.195.77
399,Walker,Twycross,wtwycrossb2@acquirethisname.com,Non-binary,202.173.95.79
400,Ashby,Camelli,acamellib3@cnn.com,Male,71.235.58.100
401,Theresita,Sloat,tsloatb4@liveinternet.ru,Genderfluid,56.0.143.164
402,Edna,Hitzmann,ehitzmannb5@samsung.com,Non-binary,49.217.215.253
403,Jessamine,Broxis,jbroxisb6@redcross.org,Male,95.154.66.57
404,Marilyn,McCarrell,mmccarrellb7@shutterfly.com,Bigender,241.138.235.45
405,Lee,Freak,lfreakb8@abc.net.au,Male,215.174.211.58
406,Tuckie,Meddick,tmeddickb9@washingtonpost.com,Non-binary,148.131.59.127
407,Willi,Eatock,weatockba@bbb.org,Female,145.117.241.84
408,Erika,Moxstead,emoxsteadbb@netlog.com,Polygender,130.148.8.35
409,Lisette,Kittman,lkittmanbc@thetimes.co.uk,Non-binary,194.40.241.199
410,Abie,O'Coskerry,aocoskerrybd@devhub.com,Genderfluid,193.246.64.143
411,Marge,Naisey,mnaiseybe@ihg.com,Bigender,255.93.188.115
412,Kellia,Pittet,kpittetbf@pen.io,Agender,98.253.8.203
413,Ilysa,Moon,imoonbg@wikipedia.org,Female,214.116.34.215
414,Nikita,Sewter,nsewterbh@craigslist.org,Agender,136.184.83.204
415,Bunnie,Wallace,bwallacebi@wordpress.com,Agender,174.19.57.95
416,Anet,Trippack,atrippackbj@unblog.fr,Female,22.187.87.254
417,Aleksandr,Whatman,awhatmanbk@omniture.com,Bigender,226.52.215.169
418,Jerrome,Yonnie,jyonniebl@tripod.com,Female,63.4.83.220
419,Joyce,Pond,jpondbm@taobao.com,Polygender,79.195.197.156
420,Cesaro,Treasaden,ctreasadenbn@wikispaces.com,Male,123.225.104.201
421,Lazare,Couchman,lcouchmanbo@nymag.com,Polygender,18.253.236.144
422,Jdavie,Beaton,jbeatonbp@about.me,Female,79.213.200.36
423,Perl,Fusedale,pfusedalebq@yahoo.co.jp,Female,11.202.72.43
424,Cchaddie,Leban,clebanbr@soundcloud.com,Male,133.143.173.105
425,Angus,Sked,askedbs@blog.com,Bigender,44.244.8.181
426,Lorrie,Forde,lfordebt@imgur.com,Male,106.156.47.27
427,Karyn,Studeart,kstudeartbu@pbs.org,Polygender,37.45.214.210
428,Wallache,Hassent,whassentbv@toplist.cz,Non-binary,72.176.164.176
429,Kaye,Beeckx,kbeeckxbw@wikia.com,Non-binary,227.139.168.96
430,Eddi,Blasing,eblasingbx@bloomberg.com,Bigender,215.58.115.16
431,Elaine,Battell,ebattellby@rakuten.co.jp,Female,17.229.85.234
432,Rodrique,Batson,rbatsonbz@dell.com,Male,101.149.68.181
433,Hurley,Sarfat,hsarfatc0@usnews.com,Bigender,76.242.89.95
434,Ferdinand,Cawston,fcawstonc1@weather.com,Genderfluid,165.209.180.44
435,Vernon,Stoop,vstoopc2@unicef.org,Polygender,176.189.161.36
436,Conrade,Winkett,cwinkettc3@nyu.edu,Non-binary,5.103.96.38
437,Yoshiko,Yerrington,yyerringtonc4@weibo.com,Female,212.50.70.130
438,Roy,Andriuzzi,randriuzzic5@webmd.com,Bigender,67.204.168.66
439,Tobie,Sutherel,tsutherelc6@ihg.com,Bigender,143.178.247.141
440,Loria,Dayne,ldaynec7@51.la,Genderfluid,53.29.100.219
441,Dana,Tonkinson,dtonkinsonc8@sina.com.cn,Female,88.73.140.42
442,Arabel,Echallier,aechallierc9@ca.gov,Bigender,236.8.58.122
443,Tades,Piwall,tpiwallca@microsoft.com,Female,106.199.72.56
444,Ronni,Schroder,rschrodercb@edublogs.org,Polygender,133.15.35.30
445,Clarey,Moir,cmoircc@ask.com,Bigender,221.15.55.8
446,Mario,Champerlen,mchamperlencd@foxnews.com,Polygender,12.152.224.45
447,Redford,Baldack,rbaldackce@nydailynews.com,Polygender,32.20.74.10
448,Krystyna,Blakeston,kblakestoncf@hao123.com,Genderfluid,78.3.90.170
449,Quincy,Checcuzzi,qcheccuzzicg@exblog.jp,Male,195.42.184.131
450,Celka,Grigori,cgrigorich@nsw.gov.au,Non-binary,142.118.33.125
451,Ayn,Daish,adaishci@lulu.com,Non-binary,118.155.212.56
452,Lynelle,Piolli,lpiollicj@sbwire.com,Male,48.190.134.10
453,Kala,Duguid,kduguidck@thetimes.co.uk,Polygender,172.240.161.7
454,Charlene,Compton,ccomptoncl@tripadvisor.com,Male,129.61.69.7
455,Gillian,Hallatt,ghallattcm@opensource.org,Genderqueer,137.247.223.55
456,Myrilla,Fitchett,mfitchettcn@sphinn.com,Female,131.206.216.22
457,Forester,Blaine,fblaineco@addtoany.com,Non-binary,212.23.223.173
458,Erich,Ilson,eilsoncp@dedecms.com,Male,195.0.162.64
459,Dru,Isaak,disaakcq@edublogs.org,Non-binary,153.111.158.115
460,Enrika,Skewis,eskewiscr@xrea.com,Polygender,16.65.50.139
461,Jorge,Buttel,jbuttelcs@blogtalkradio.com,Genderqueer,92.61.192.146
462,Hastie,Bickerstaff,hbickerstaffct@wordpress.com,Bigender,64.151.66.75
463,Norrie,Spratley,nspratleycu@oaic.gov.au,Non-binary,105.66.93.101
464,Lusa,Rekes,lrekescv@bandcamp.com,Genderfluid,249.39.198.128
465,Ajay,Gansbuhler,agansbuhlercw@hubpages.com,Polygender,115.157.99.82
466,Orville,O'Dowling,oodowlingcx@earthlink.net,Non-binary,166.216.1.51
467,Kurt,Andrea,kandreacy@t.co,Genderfluid,168.129.222.86
468,Happy,Jeannaud,hjeannaudcz@domainmarket.com,Genderfluid,85.69.154.222
469,Giff,Stickells,gstickellsd0@amazonaws.com,Non-binary,63.154.187.145
470,Geri,Wason,gwasond1@furl.net,Genderfluid,246.171.93.255
471,Jade,Rounding,jroundingd2@google.com.hk,Non-binary,100.113.188.180
472,Jase,Collingdon,jcollingdond3@census.gov,Non-binary,75.8.109.39
473,Yetty,Chazelle,ychazelled4@qq.com,Polygender,172.239.128.207
474,Alane,Gookes,agookesd5@youtu.be,Female,10.83.56.30
475,Rice,Lahiff,rlahiffd6@yellowpages.com,Non-binary,241.78.83.150
476,Gifford,Petrou,gpetroud7@plala.or.jp,Agender,196.186.53.80
477,Dallas,Bier,dbierd8@ted.com,Bigender,83.85.231.173
478,Margette,Wainscoat,mwainscoatd9@rediff.com,Non-binary,46.214.248.159
479,Catrina,Deplacido,cdeplacidoda@cbsnews.com,Agender,136.9.156.65
480,Essy,Wisedale,ewisedaledb@cmu.edu,Agender,37.141.16.251
481,Mano,Crisford,mcrisforddc@wikispaces.com,Genderqueer,209.69.240.9
482,Roddy,Huckfield,rhuckfielddd@cafepress.com,Male,184.228.95.20
483,Nolly,Newbury,nnewburyde@altervista.org,Female,211.94.77.140
484,Lynnelle,Jenton,ljentondf@mapy.cz,Polygender,189.27.141.200
485,Faustine,Copner,fcopnerdg@va.gov,Polygender,228.90.52.239
486,Vilma,Abernethy,vabernethydh@macromedia.com,Genderqueer,168.94.152.198
487,Crosby,Scrauniage,cscrauniagedi@webeden.co.uk,Female,227.139.231.137
488,Kassey,Blanko,kblankodj@thetimes.co.uk,Genderfluid,13.52.102.70
489,Isahella,Di Angelo,idiangelodk@ow.ly,Polygender,59.86.37.242
490,Clotilda,Basset,cbassetdl@telegraph.co.uk,Polygender,119.63.119.60
491,Wake,Cragell,wcragelldm@freewebs.com,Genderqueer,226.51.134.226
492,Judah,McNeigh,jmcneighdn@slideshare.net,Non-binary,215.41.111.223
493,Callie,Bann,cbanndo@mashable.com,Male,223.180.109.110
494,Odette,Rustan,orustandp@cnn.com,Polygender,63.146.9.99
495,Caty,Teulier,cteulierdq@deviantart.com,Male,92.35.170.129
496,Candice,Trowler,ctrowlerdr@google.pl,Male,64.207.218.51
497,Roxanne,Vasyukhichev,rvasyukhichevds@mayoclinic.com,Female,125.41.190.22
498,Chaunce,Stables,cstablesdt@utexas.edu,Female,185.175.225.55
499,Wini,Jeeks,wjeeksdu@123-reg.co.uk,Female,61.206.18.15
500,Klement,Wrench,kwrenchdv@macromedia.com,Genderqueer,185.147.232.166
501,Kala,Philipp,kphilippdw@yellowpages.com,Polygender,40.138.207.107
502,Felita,Chalcraft,fchalcraftdx@flickr.com,Polygender,100.33.231.181
503,Zerk,Edden,zeddendy@angelfire.com,Polygender,145.218.251.121
504,Shay,McHugh,smchughdz@i2i.jp,Female,115.6.59.249
505,Lynelle,Blakes,lblakese0@technorati.com,Non-binary,239.96.23.18
506,Hobart,Whayman,hwhaymane1@netscape.com,Agender,193.118.179.112
507,Ilsa,Jakolevitch,ijakolevitche2@histats.com,Male,160.70.155.48
508,Randall,Bointon,rbointone3@list-manage.com,Genderfluid,235.173.59.200
509,Christian,Corby,ccorbye4@naver.com,Genderqueer,223.103.186.48
510,Richie,Dalli,rdallie5@psu.edu,Agender,193.170.169.70
511,Ester,Drains,edrainse6@blogger.com,Non-binary,26.208.217.66
512,Tadeas,Scotchmore,tscotchmoree7@nytimes.com,Genderfluid,116.232.107.93
513,Uriel,Okenden,uokendene8@addtoany.com,Female,165.8.98.86
514,Nathan,Nanni,nnannie9@yolasite.com,Genderfluid,239.117.84.33
515,Teriann,Climie,tclimieea@hostgator.com,Non-binary,77.76.123.93
516,Wanids,Chettle,wchettleeb@cnbc.com,Genderqueer,54.82.242.17
517,Florance,Ivy,fivyec@amazon.co.jp,Bigender,47.195.60.175
518,Ebba,Furlong,efurlonged@psu.edu,Male,30.178.211.5
519,Jermaine,Lunney,jlunneyee@ucoz.com,Male,100.154.100.56
520,Kristy,Snooks,ksnooksef@foxnews.com,Non-binary,218.126.230.54
521,Lee,Ranklin,lranklineg@economist.com,Genderqueer,169.29.5.226
522,Janaya,Bennitt,jbennitteh@delicious.com,Agender,74.55.5.118
523,Cora,Ryde,crydeei@wp.com,Bigender,85.192.131.112
524,Orelle,Heyfield,oheyfieldej@huffingtonpost.com,Female,5.85.240.145
525,Leslie,Duffitt,lduffittek@slideshare.net,Male,27.198.40.176
526,Rhys,Dungate,rdungateel@parallels.com,Non-binary,217.120.212.24
527,Vachel,Gladstone,vgladstoneem@cloudflare.com,Genderfluid,243.188.55.166
528,Janaye,Chaunce,jchaunceen@51.la,Bigender,117.92.227.102
529,Trstram,Kell,tkelleo@who.int,Male,121.101.163.66
530,Nerta,Ohrtmann,nohrtmannep@4shared.com,Genderqueer,111.244.123.10
531,Nissa,Nutley,nnutleyeq@spotify.com,Female,234.252.134.145
532,Eolande,Terrazzo,eterrazzoer@seesaa.net,Non-binary,49.35.80.198
533,Isahella,Baglan,ibaglanes@chronoengine.com,Genderqueer,97.125.216.151
534,Ellyn,Cranstoun,ecranstounet@sciencedirect.com,Female,28.101.160.251
535,Nellie,McSorley,nmcsorleyeu@paginegialle.it,Male,142.106.16.21
536,Mart,Cowl,mcowlev@huffingtonpost.com,Agender,66.21.92.66
537,Mirilla,Loutheane,mloutheaneew@psu.edu,Genderqueer,135.226.22.109
538,Abramo,Covington,acovingtonex@qq.com,Agender,85.168.219.179
539,Sunny,Strowger,sstrowgerey@sciencedirect.com,Bigender,23.166.136.246
540,Marijo,Seeviour,mseeviourez@mozilla.org,Polygender,214.77.103.183
541,Shawn,de Mullett,sdemullettf0@google.co.uk,Male,239.40.141.27
542,Fancie,Harborow,fharborowf1@pagesperso-orange.fr,Non-binary,134.12.219.94
543,Annmarie,Wisby,awisbyf2@mozilla.com,Male,116.132.86.215
544,Barnabas,Depport,bdepportf3@paypal.com,Agender,196.88.246.24
545,Rollie,Kiddey,rkiddeyf4@usa.gov,Male,181.202.140.237
546,Scottie,Astlet,sastletf5@washington.edu,Polygender,40.55.119.146
547,Nial,Fearnyough,nfearnyoughf6@123-reg.co.uk,Polygender,144.232.154.175
548,Gaylor,Martinson,gmartinsonf7@drupal.org,Polygender,10.52.161.100
549,Abdul,Lorroway,alorrowayf8@imdb.com,Male,205.144.142.21
550,Ring,Cartmill,rcartmillf9@hud.gov,Bigender,61.152.112.128
551,Crawford,Whitland,cwhitlandfa@statcounter.com,Non-binary,92.174.20.111
552,Erwin,Buckie,ebuckiefb@photobucket.com,Female,205.235.116.162
553,Errick,Mahedy,emahedyfc@smugmug.com,Bigender,152.128.245.110
554,Arlena,Spoerl,aspoerlfd@barnesandnoble.com,Female,189.21.160.36
555,Kerby,Walkinshaw,kwalkinshawfe@usa.gov,Genderqueer,131.106.76.11
556,Pearla,McManamon,pmcmanamonff@opensource.org,Non-binary,218.206.99.166
557,Pris,Gaynsford,pgaynsfordfg@posterous.com,Agender,154.61.72.172
558,Tonya,Rodolico,trodolicofh@webmd.com,Genderqueer,17.247.61.137
559,Temple,Shale,tshalefi@bbc.co.uk,Male,168.190.127.130
560,Madalena,Craske,mcraskefj@house.gov,Genderqueer,168.142.24.196
561,Sarajane,Croysdale,scroysdalefk@ezinearticles.com,Genderfluid,217.183.32.60
562,Humberto,Esel,heselfl@e-recht24.de,Male,175.108.69.175
563,Darlleen,Ferrero,dferrerofm@mtv.com,Polygender,110.168.176.134
564,Betteann,Downage,bdownagefn@unesco.org,Bigender,45.186.191.192
565,North,Spitaro,nspitarofo@blog.com,Non-binary,144.193.33.202
566,Giffy,Vasentsov,gvasentsovfp@zimbio.com,Female,197.153.116.204
567,Allina,Jarret,ajarretfq@icio.us,Female,172.235.53.118
568,Fanni,Carruthers,fcarruthersfr@infoseek.co.jp,Bigender,103.202.64.104
569,Margit,Jellard,mjellardfs@goo.gl,Genderfluid,224.225.67.19
570,Kerr,Boud,kboudft@webmd.com,Genderfluid,147.236.12.40
571,Frederick,Maycey,fmayceyfu@freewebs.com,Bigender,147.1.114.75
572,Lishe,Britee,lbriteefv@irs.gov,Genderqueer,78.113.204.78
573,Raven,Izakovitz,rizakovitzfw@prlog.org,Male,225.27.134.23
574,Shayne,Eckart,seckartfx@joomla.org,Bigender,83.60.21.118
575,Maurise,Dran,mdranfy@va.gov,Male,58.69.51.220
576,Owen,Pessold,opessoldfz@creativecommons.org,Genderfluid,175.140.120.128
577,Adeline,Rikel,arikelg0@chicagotribune.com,Non-binary,118.58.199.225
578,Marsha,Silbert,msilbertg1@addthis.com,Bigender,216.81.33.132
579,Rasia,Russen,rrusseng2@google.com,Male,104.218.203.113
580,Chickie,Woltman,cwoltmang3@businessweek.com,Male,20.242.236.82
581,Emerson,MacAnelley,emacanelleyg4@ehow.com,Genderqueer,35.161.73.35
582,Bernardo,Browell,bbrowellg5@unicef.org,Female,167.29.97.196
583,Nada,Francklin,nfranckling6@dion.ne.jp,Agender,212.89.35.77
584,Carlynn,Divell,cdivellg7@furl.net,Non-binary,202.216.75.116
585,Harriett,Oneile,honeileg8@ow.ly,Genderfluid,88.19.153.108
586,Aretha,Burchnall,aburchnallg9@latimes.com,Bigender,170.250.197.15
587,Emlyn,Delion,edelionga@cisco.com,Genderfluid,55.60.108.59
588,Loree,Nuccii,lnucciigb@1und1.de,Bigender,51.93.170.62
589,Giacinta,Stener,gstenergc@ning.com,Non-binary,206.95.151.17
590,Dyan,Crossdale,dcrossdalegd@elegantthemes.com,Agender,222.154.195.248
591,Urban,Ladd,uladdge@yale.edu,Bigender,121.97.203.10
592,Corrie,Pyne,cpynegf@google.cn,Genderfluid,64.66.217.39
593,Candy,Passo,cpassogg@dot.gov,Male,114.84.71.180
594,Kori,Illston,killstongh@squarespace.com,Bigender,148.177.84.42
595,Susan,Tacker,stackergi@yelp.com,Genderqueer,116.158.234.176
596,Hillary,Brinded,hbrindedgj@bigcartel.com,Female,49.241.155.190
597,Jorey,Docksey,jdockseygk@wisc.edu,Polygender,50.173.185.8
598,Letizia,Crepel,lcrepelgl@fda.gov,Non-binary,139.183.109.251
599,Dayle,Shewring,dshewringgm@microsoft.com,Male,229.130.3.183
600,Ivan,Ladloe,iladloegn@reuters.com,Female,81.67.223.254
601,Basil,Effnert,beffnertgo@google.com.hk,Male,57.113.149.158
602,Cleve,Blampy,cblampygp@g.co,Polygender,166.85.128.119
603,Wenda,Sterman,wstermangq@google.com,Genderqueer,164.4.129.213
604,Melinda,Noen,mnoengr@dell.com,Genderfluid,114.99.206.60
605,Edith,Murden,emurdengs@fda.gov,Bigender,140.233.70.103
606,Marieann,Ezzy,mezzygt@vistaprint.com,Non-binary,193.70.45.193
607,Delphinia,Marjanski,dmarjanskigu@unblog.fr,Genderqueer,117.205.167.205
608,Blanche,Lunam,blunamgv@ucsd.edu,Non-binary,209.139.157.22
609,Wayne,Gammett,wgammettgw@about.me,Polygender,19.222.214.19
610,Nadine,Radleigh,nradleighgx@surveymonkey.com,Agender,66.112.47.34
611,Kenny,Hazzard,khazzardgy@pen.io,Bigender,85.99.150.50
612,Tedman,O'Neary,tonearygz@photobucket.com,Polygender,253.88.142.142
613,Darice,Freckingham,dfreckinghamh0@goo.ne.jp,Male,103.178.57.239
614,Mei,Panichelli,mpanichellih1@dailymotion.com,Bigender,242.9.163.83
615,Giorgia,Otham,gothamh2@bloglovin.com,Genderfluid,195.45.113.54
616,Simona,Lebell,slebellh3@webs.com,Bigender,95.64.183.60
617,Sidney,Stonhouse,sstonhouseh4@i2i.jp,Female,50.121.9.212
618,Ike,Ralton,iraltonh5@tiny.cc,Female,167.97.186.198
619,Berk,Fibbings,bfibbingsh6@adobe.com,Agender,122.23.69.253
620,Tommi,Morillas,tmorillash7@un.org,Female,28.234.117.35
621,Sunny,Hugnet,shugneth8@1688.com,Bigender,106.155.7.224
622,Janie,Ivakhnov,jivakhnovh9@cyberchimps.com,Female,42.45.135.205
623,Harcourt,Dows,hdowsha@macromedia.com,Bigender,4.212.84.82
624,Ebonee,Lanaway,elanawayhb@cpanel.net,Genderqueer,117.145.145.94
625,Jervis,Bastard,jbastardhc@nba.com,Agender,144.211.23.172
626,Donna,Morgans,dmorganshd@istockphoto.com,Bigender,109.177.224.248
627,Hiram,Gilkison,hgilkisonhe@mac.com,Genderqueer,250.225.49.220
628,Gennifer,Ewens,gewenshf@mediafire.com,Genderqueer,179.30.147.71
629,Jeth,Buzine,jbuzinehg@vinaora.com,Male,128.32.87.194
630,Vance,Yanov,vyanovhh@moonfruit.com,Genderqueer,222.198.15.169
631,Woodie,Gladbach,wgladbachhi@icq.com,Non-binary,209.114.151.180
632,Rolfe,Allridge,rallridgehj@nyu.edu,Genderfluid,228.204.142.125
633,Elliott,Eliesco,eeliescohk@webeden.co.uk,Agender,74.177.66.234
634,Yolande,Glawsop,yglawsophl@hugedomains.com,Female,7.17.156.238
635,Hale,Nother,hnotherhm@shop-pro.jp,Female,68.197.123.249
636,Cristi,Durran,cdurranhn@walmart.com,Female,78.243.178.21
637,Kennan,Castellanos,kcastellanosho@google.ru,Polygender,178.80.240.145
638,Graham,O' Mullan,gomullanhp@yahoo.com,Female,135.101.227.203
639,Marcelo,Wadhams,mwadhamshq@msn.com,Bigender,95.240.227.82
640,Demott,Purse,dpursehr@virginia.edu,Non-binary,164.205.231.213
641,Mair,Caesman,mcaesmanhs@wix.com,Non-binary,54.125.200.224
642,Desiri,Heard,dheardht@usatoday.com,Agender,217.26.66.239
643,Ardeen,Bartlett,abartletthu@facebook.com,Female,206.159.97.75
644,Duky,Loch,dlochhv@webs.com,Non-binary,249.132.223.107
645,Laurence,Trase,ltrasehw@360.cn,Agender,143.204.171.184
646,Molly,Leggin,mlegginhx@webeden.co.uk,Genderqueer,101.148.46.131
647,Boothe,O Sullivan,bosullivanhy@hc360.com,Polygender,49.159.165.156
648,Abagael,Garlett,agarletthz@chron.com,Male,137.103.173.215
649,Rooney,Devonshire,rdevonshirei0@fema.gov,Non-binary,246.152.175.7
650,Maurise,Rothon,mrothoni1@dedecms.com,Genderfluid,136.220.29.72
651,Saunders,Mallen,smalleni2@163.com,Male,53.91.32.136
652,Cinnamon,Crabb,ccrabbi3@taobao.com,Bigender,122.102.59.81
653,Ollie,Scaice,oscaicei4@naver.com,Bigender,15.219.179.46
654,Haslett,Rolland,hrollandi5@jalbum.net,Non-binary,64.41.41.16
655,Allianora,Wybourne,awybournei6@comsenz.com,Male,39.22.37.249
656,Brinn,Corro,bcorroi7@imgur.com,Female,171.183.28.28
657,Dolorita,Pert,dperti8@sciencedirect.com,Non-binary,120.50.73.14
658,Jorgan,Scadden,jscaddeni9@ustream.tv,Agender,194.243.79.26
659,Andres,Voyce,avoyceia@ucoz.ru,Agender,188.222.251.3
660,Elissa,Heeney,eheeneyib@wisc.edu,Male,40.88.76.4
661,Merrily,Beldum,mbeldumic@aol.com,Polygender,63.231.210.235
662,Jennica,Haigh,jhaighid@weebly.com,Female,5.4.3.245
663,Maury,Horrell,mhorrellie@independent.co.uk,Non-binary,96.219.55.121
664,Larissa,Schruyers,lschruyersif@ucoz.ru,Bigender,75.92.34.106
665,Liliane,Molden,lmoldenig@ucoz.com,Bigender,104.223.145.34
666,Kylie,Durning,kdurningih@theglobeandmail.com,Bigender,242.126.175.71
667,Janessa,Bilney,jbilneyii@hhs.gov,Polygender,15.251.252.154
668,Papagena,Handslip,phandslipij@microsoft.com,Genderqueer,66.5.47.197
669,Rodrigo,Coast,rcoastik@constantcontact.com,Non-binary,227.109.31.131
670,Janey,De Ferraris,jdeferrarisil@hibu.com,Non-binary,52.202.182.111
671,Lark,Triner,ltrinerim@imgur.com,Non-binary,150.7.202.55
672,Madel,Spellard,mspellardin@alibaba.com,Male,18.34.60.205
673,Elianore,Willbourne,ewillbourneio@google.it,Genderfluid,108.96.153.192
674,Sonya,Butts,sbuttsip@exblog.jp,Male,77.143.118.113
675,Jacquelin,Rhoddie,jrhoddieiq@thetimes.co.uk,Non-binary,176.119.188.155
676,Minta,Entwhistle,mentwhistleir@dion.ne.jp,Polygender,124.243.39.235
677,Rhianon,Ealles,reallesis@scribd.com,Polygender,105.94.127.48
678,Janelle,Auden,jaudenit@elegantthemes.com,Male,244.231.36.72
679,Aileen,Cuddy,acuddyiu@topsy.com,Genderqueer,165.86.66.87
680,Codie,Jessen,cjesseniv@desdev.cn,Genderfluid,62.205.50.193
681,Adrien,Stuck,astuckiw@reference.com,Male,166.204.217.188
682,Tonia,Keay,tkeayix@ucsd.edu,Bigender,25.95.196.28
683,Esra,Senechault,esenechaultiy@microsoft.com,Non-binary,218.6.154.128
684,Candice,Bushby,cbushbyiz@nature.com,Bigender,56.74.228.173
685,Patricio,Quodling,pquodlingj0@indiegogo.com,Male,95.6.39.18
686,Anetta,Dupey,adupeyj1@addthis.com,Agender,103.255.16.84
687,Vittorio,Sellen,vsellenj2@bing.com,Polygender,253.50.123.237
688,Nonah,Romeril,nromerilj3@stanford.edu,Genderfluid,83.133.16.204
689,Pamella,Brea,pbreaj4@furl.net,Bigender,181.123.99.155
690,Falkner,Astupenas,fastupenasj5@freewebs.com,Female,214.139.231.135
691,Cornelia,Beverage,cbeveragej6@dedecms.com,Female,56.65.229.188
692,Derrick,Chester,dchesterj7@latimes.com,Non-binary,46.74.23.123
693,Willard,Brookshaw,wbrookshawj8@whitehouse.gov,Bigender,74.76.2.70
694,Maighdiln,Creber,mcreberj9@discuz.net,Female,13.99.115.42
695,Holmes,Beacock,hbeacockja@youku.com,Bigender,112.243.162.65
696,Taddeusz,Giordano,tgiordanojb@moonfruit.com,Genderqueer,88.198.229.153
697,Skelly,Pettendrich,spettendrichjc@phoca.cz,Genderqueer,64.157.155.112
698,Cori,Lorence,clorencejd@mashable.com,Female,0.53.19.81
699,Meggie,Shortall,mshortallje@dmoz.org,Genderqueer,16.232.26.177
700,Jemmy,Sillett,jsillettjf@1688.com,Non-binary,86.208.67.229
701,Devan,Scandroot,dscandrootjg@amazon.co.jp,Agender,44.207.46.232
702,Merissa,McLae,mmclaejh@gnu.org,Genderfluid,114.38.86.227
703,Maddy,Ranald,mranaldji@4shared.com,Polygender,72.129.33.65
704,Betti,Finlaison,bfinlaisonjj@upenn.edu,Female,243.36.136.11
705,Hillel,Mosdill,hmosdilljk@google.ru,Genderfluid,68.129.26.46
706,Dania,Brussels,dbrusselsjl@hugedomains.com,Non-binary,196.222.80.62
707,Delcine,Asprey,daspreyjm@google.es,Female,231.35.8.242
708,Loretta,Tavner,ltavnerjn@mashable.com,Genderfluid,122.132.89.14
709,Leena,McLennan,lmclennanjo@edublogs.org,Non-binary,19.12.175.21
710,Meara,Smitheman,msmithemanjp@oaic.gov.au,Bigender,199.213.132.11
711,Mendel,Roubay,mroubayjq@phoca.cz,Male,96.250.179.229
712,Neile,Marklow,nmarklowjr@cornell.edu,Bigender,114.118.15.19
713,Rollie,Dunton,rduntonjs@soundcloud.com,Non-binary,104.25.6.166
714,Marley,Worling,mworlingjt@dropbox.com,Female,88.137.240.77
715,Christy,Pettifor,cpettiforju@meetup.com,Non-binary,90.159.165.41
716,Harmony,Debold,hdeboldjv@ehow.com,Genderfluid,20.66.124.189
717,Welch,Youngman,wyoungmanjw@google.fr,Bigender,10.140.76.47
718,Ashla,Gallamore,agallamorejx@usda.gov,Male,239.32.91.246
719,Zena,Blundell,zblundelljy@bluehost.com,Genderqueer,204.158.122.52
720,Lynsey,Blogg,lbloggjz@china.com.cn,Genderfluid,3.78.98.201
721,Consuelo,Alvin,calvink0@accuweather.com,Genderfluid,206.254.135.229
722,Mallory,Shuttell,mshuttellk1@scribd.com,Non-binary,244.74.143.0
723,Kirby,Baden,kbadenk2@loc.gov,Agender,69.126.236.171
724,Shara,Sessions,ssessionsk3@stanford.edu,Male,170.194.198.100
725,Helaine,Runciman,hruncimank4@people.com.cn,Polygender,217.12.101.233
726,Johnathan,Simonato,jsimonatok5@theglobeandmail.com,Bigender,26.19.33.80
727,Netta,Sterndale,nsterndalek6@creativecommons.org,Polygender,158.166.218.25
728,Bobbi,Cinnamond,bcinnamondk7@diigo.com,Genderfluid,217.43.50.65
729,Valencia,Ritter,vritterk8@parallels.com,Polygender,32.64.32.252
730,Kristian,Grooby,kgroobyk9@google.com.br,Agender,130.175.225.71
731,Phil,McGeorge,pmcgeorgeka@redcross.org,Male,42.35.225.44
732,Emmett,Clarycott,eclarycottkb@discuz.net,Polygender,204.7.128.255
733,Hanny,Smitten,hsmittenkc@hatena.ne.jp,Female,78.173.219.44
734,Felice,MacGinley,fmacginleykd@g.co,Female,114.187.143.119
735,Kelby,Chartres,kchartreske@github.com,Genderfluid,36.240.221.219
736,Pasquale,Franzelini,pfranzelinikf@bluehost.com,Bigender,229.164.57.85
737,Murvyn,Feely,mfeelykg@webnode.com,Bigender,182.230.173.90
738,Alexei,Kilmister,akilmisterkh@ucoz.com,Genderqueer,243.34.50.111
739,Gerry,Upshall,gupshallki@example.com,Bigender,149.213.25.124
740,Ingmar,Kuhnwald,ikuhnwaldkj@shareasale.com,Non-binary,167.250.2.231
741,Stephi,Marion,smarionkk@mashable.com,Female,91.208.3.227
742,Maryellen,Thrift,mthriftkl@theguardian.com,Bigender,58.134.37.130
743,Reinaldo,Deppe,rdeppekm@xrea.com,Polygender,59.46.230.44
744,Kennith,Stimson,kstimsonkn@mysql.com,Bigender,11.243.188.246
745,Loreen,Rockcliffe,lrockcliffeko@cnn.com,Polygender,193.37.237.90
746,Stevie,Bugg,sbuggkp@bing.com,Non-binary,243.215.14.235
747,Dorise,Rabbe,drabbekq@barnesandnoble.com,Agender,209.246.95.228
748,Tuckie,Hurdle,thurdlekr@ebay.com,Polygender,210.25.73.222
749,Ginevra,Siddeley,gsiddeleyks@slate.com,Genderqueer,156.184.50.133
750,Freddy,Domeney,fdomeneykt@tumblr.com,Polygender,202.234.21.76
751,Austin,Deaton,adeatonku@about.me,Non-binary,42.32.29.253
752,Olwen,Killwick,okillwickkv@google.ru,Bigender,135.62.53.161
753,Karrah,Verzey,kverzeykw@cam.ac.uk,Male,167.86.82.160
754,Shela,McAree,smcareekx@wikimedia.org,Bigender,156.202.155.230
755,Gustavo,Girardi,ggirardiky@list-manage.com,Genderfluid,111.176.150.126
756,Ephraim,Beaushaw,ebeaushawkz@google.de,Agender,193.229.80.166
757,Geordie,Castanho,gcastanhol0@blogtalkradio.com,Male,65.12.216.88
758,Meredeth,Giacaponi,mgiacaponil1@google.de,Agender,234.170.65.204
759,Eadith,Lettley,elettleyl2@kickstarter.com,Genderfluid,72.199.253.255
760,Francesca,Iacavone,fiacavonel3@latimes.com,Polygender,172.180.227.251
761,Jorge,Sconce,jsconcel4@hibu.com,Non-binary,65.159.39.170
762,Marje,Griffiths,mgriffithsl5@un.org,Genderfluid,187.84.66.86
763,Dimitry,Bentsen,dbentsenl6@over-blog.com,Bigender,74.13.109.158
764,Janela,Bygraves,jbygravesl7@forbes.com,Female,107.183.81.14
765,Lelia,Rex,lrexl8@imgur.com,Male,75.201.169.101
766,Nita,Biernat,nbiernatl9@addtoany.com,Bigender,105.161.13.239
767,Wilhelmine,Baistow,wbaistowla@ifeng.com,Male,211.146.76.126
768,Constancia,Hammatt,chammattlb@wiley.com,Agender,1.189.180.188
769,Dotti,Corragan,dcorraganlc@china.com.cn,Genderfluid,184.42.138.154
770,Korella,Chanders,kchandersld@dmoz.org,Non-binary,44.46.164.213
771,Ignaz,Carden,icardenle@shinystat.com,Male,238.142.60.85
772,Fancie,Sancraft,fsancraftlf@behance.net,Genderqueer,71.52.95.113
773,Jerrie,Carus,jcaruslg@craigslist.org,Agender,122.95.193.179
774,Lawton,De Domenicis,ldedomenicislh@wikimedia.org,Non-binary,192.125.179.250
775,Julina,Woosnam,jwoosnamli@cbc.ca,Genderfluid,15.16.124.36
776,Phaidra,Cranney,pcranneylj@mail.ru,Genderqueer,172.43.62.171
777,Kaine,Carnie,kcarnielk@google.co.uk,Bigender,56.216.89.121
778,Bertrando,Cremer,bcremerll@wunderground.com,Non-binary,160.39.100.243
779,Gwenni,Dadley,gdadleylm@deviantart.com,Agender,47.93.37.69
780,Nappie,Stuchberry,nstuchberryln@independent.co.uk,Agender,44.180.194.24
781,Killy,Adamthwaite,kadamthwaitelo@meetup.com,Bigender,154.152.125.98
782,Viki,Jersh,vjershlp@goo.gl,Genderfluid,190.188.220.108
783,Gavin,Hawkins,ghawkinslq@bandcamp.com,Male,89.14.107.102
784,Nani,Berndt,nberndtlr@java.com,Agender,99.40.77.51
785,Buffy,Antal,bantalls@sphinn.com,Non-binary,203.130.106.215
786,Giselbert,Schleswig-Holstein,gschleswigholsteinlt@freewebs.com,Male,228.197.202.143
787,Byrann,Fulger,bfulgerlu@state.gov,Male,48.152.142.131
788,Bernardine,Jellicorse,bjellicorselv@wikispaces.com,Female,216.15.128.35
789,Thom,Mills,tmillslw@europa.eu,Genderqueer,13.170.164.198
790,Meg,Farrell,mfarrelllx@163.com,Polygender,225.208.238.131
791,Grethel,Windebank,gwindebankly@tinypic.com,Polygender,7.72.73.237
792,Alika,Isson,aissonlz@t-online.de,Non-binary,98.122.142.38
793,Denys,Beeck,dbeeckm0@whitehouse.gov,Male,22.230.246.216
794,Jami,Redwing,jredwingm1@shareasale.com,Agender,37.159.105.153
795,Donn,Crennell,dcrennellm2@mediafire.com,Genderfluid,48.80.2.189
796,Daphene,Labrum,dlabrumm3@washington.edu,Male,126.24.137.102
797,Elroy,Chrishop,echrishopm4@goo.ne.jp,Female,12.119.3.229
798,Adey,Mordey,amordeym5@dion.ne.jp,Male,71.86.167.200
799,Levey,Benda,lbendam6@oakley.com,Genderqueer,31.179.65.230
800,Aryn,Linturn,alinturnm7@people.com.cn,Polygender,164.234.182.97
801,Janina,Dansie,jdansiem8@cisco.com,Female,62.252.12.35
802,Kendre,O' Brian,kobrianm9@reverbnation.com,Male,129.31.12.8
803,Montgomery,Mowday,mmowdayma@unc.edu,Non-binary,51.50.166.61
804,Renado,O'Toole,rotoolemb@goodreads.com,Genderfluid,210.150.251.154
805,Fran,Mabbs,fmabbsmc@lycos.com,Non-binary,200.146.13.241
806,Heida,Chace,hchacemd@archive.org,Non-binary,100.167.206.245
807,Donavon,Skilling,dskillingme@cnbc.com,Agender,251.31.192.21
808,Tito,Markus,tmarkusmf@yelp.com,Non-binary,150.187.237.55
809,Cordi,Gotling,cgotlingmg@shinystat.com,Bigender,92.219.210.96
810,Maridel,Keelan,mkeelanmh@xinhuanet.com,Male,140.100.45.73
811,Giuseppe,Turbitt,gturbittmi@scientificamerican.com,Agender,225.246.182.189
812,Danie,Springate,dspringatemj@spiegel.de,Genderqueer,146.149.101.95
813,Tedi,Norres,tnorresmk@dailymail.co.uk,Genderqueer,23.160.129.160
814,Micah,Jackes,mjackesml@sina.com.cn,Polygender,121.18.135.132
815,Mahmoud,Gerge,mgergemm@ovh.net,Polygender,216.37.103.106
816,Gay,Groombridge,ggroombridgemn@webs.com,Female,237.89.196.213
817,Tiffi,MacBey,tmacbeymo@marketwatch.com,Bigender,28.94.182.2
818,Gnni,McKinlay,gmckinlaymp@hubpages.com,Agender,252.50.37.49
819,Zorah,Ainsby,zainsbymq@patch.com,Bigender,16.211.233.105
820,Wally,Kurton,wkurtonmr@is.gd,Genderqueer,20.38.16.107
821,Amery,Mager,amagerms@sphinn.com,Polygender,33.52.152.91
822,Shanna,Sunnex,ssunnexmt@imdb.com,Female,145.212.244.130
823,Del,Stout,dstoutmu@yelp.com,Agender,137.224.50.110
824,Antonin,Blachford,ablachfordmv@google.fr,Polygender,108.126.57.35
825,Lea,Gorke,lgorkemw@blinklist.com,Female,100.3.92.163
826,Alyson,Coping,acopingmx@deviantart.com,Male,186.125.70.59
827,Amelita,Whitebread,awhitebreadmy@mapy.cz,Bigender,115.110.147.83
828,Verine,Hayers,vhayersmz@foxnews.com,Genderfluid,48.90.34.181
829,Britte,Cressy,bcressyn0@instagram.com,Female,94.97.183.85
830,Henri,Hardman,hhardmann1@php.net,Agender,149.208.43.120
831,Fionna,Boodle,fboodlen2@stanford.edu,Genderqueer,120.61.174.175
832,Price,Cheng,pchengn3@amazonaws.com,Genderqueer,158.140.104.125
833,Maye,Isley,misleyn4@macromedia.com,Bigender,49.198.223.65
834,Liuka,Ninnoli,lninnolin5@addtoany.com,Genderqueer,197.206.127.240
835,Cherry,Bartod,cbartodn6@ask.com,Bigender,44.58.122.97
836,Calley,Lange,clangen7@npr.org,Polygender,117.0.87.140
837,Sheelagh,Killelay,skillelayn8@nationalgeographic.com,Agender,26.137.245.57
838,Jannelle,Blacksland,jblackslandn9@skyrock.com,Polygender,4.247.83.71
839,Berti,Hourstan,bhourstanna@spotify.com,Genderqueer,158.100.159.38
840,Conny,Shildrick,cshildricknb@ebay.co.uk,Genderfluid,221.159.167.222
841,Gasper,Beardsall,gbeardsallnc@umn.edu,Agender,220.196.113.25
842,Lefty,Andersson,landerssonnd@ifeng.com,Bigender,111.153.57.164
843,Lotty,Karpol,lkarpolne@so-net.ne.jp,Genderfluid,18.44.118.57
844,Zared,Harland,zharlandnf@etsy.com,Genderfluid,199.213.220.84
845,Ann,Campione,acampioneng@utexas.edu,Agender,114.179.227.224
846,Yale,Callan,ycallannh@weebly.com,Genderqueer,168.34.166.220
847,Felisha,Grinikhinov,fgrinikhinovni@columbia.edu,Polygender,9.179.11.66
848,Skippy,Ciotti,sciottinj@time.com,Genderfluid,21.95.144.207
849,Erek,Bessett,ebessettnk@craigslist.org,Non-binary,235.69.141.42
850,Odelia,Lightbody,olightbodynl@google.co.jp,Non-binary,141.177.203.235
851,Farica,Szantho,fszanthonm@mashable.com,Genderqueer,123.116.123.196
852,Roseanna,Bradford,rbradfordnn@simplemachines.org,Genderqueer,226.195.202.244
853,Elwira,Wedmore,ewedmoreno@illinois.edu,Bigender,165.87.245.242
854,Cornela,Raggatt,craggattnp@google.ca,Genderqueer,8.217.74.85
855,Fawn,Kristoffersson,fkristofferssonnq@t.co,Female,13.189.243.44
856,Symon,Crabtree,scrabtreenr@lycos.com,Non-binary,36.24.241.39
857,Perice,Kayley,pkayleyns@hexun.com,Agender,168.1.70.211
858,Allix,Sealeaf,asealeafnt@squidoo.com,Female,124.94.81.135
859,Cullie,O'Lagen,colagennu@businesswire.com,Genderqueer,9.62.238.43
860,Wilmette,Mosdell,wmosdellnv@hubpages.com,Polygender,80.195.191.248
861,Nahum,Deners,ndenersnw@epa.gov,Agender,192.244.156.134
862,Ashbey,Crabb,acrabbnx@tamu.edu,Agender,9.101.159.254
863,Terrill,Kops,tkopsny@free.fr,Female,74.44.156.121
864,Fabe,Skyppe,fskyppenz@marketwatch.com,Non-binary,155.202.40.121
865,Mignon,Hurdle,mhurdleo0@com.com,Genderqueer,134.96.27.50
866,Charissa,Megainey,cmegaineyo1@jiathis.com,Bigender,198.150.3.251
867,Lyssa,Bowman,lbowmano2@washington.edu,Agender,33.233.179.45
868,Rosalia,Hemmingway,rhemmingwayo3@sbwire.com,Genderqueer,170.105.8.67
869,Leena,Dufton,lduftono4@joomla.org,Female,75.230.62.207
870,Mikel,Draayer,mdraayero5@purevolume.com,Male,24.129.121.13
871,Pierrette,Gobolos,pgoboloso6@domainmarket.com,Male,146.93.102.176
872,Murray,Hinnerk,mhinnerko7@bing.com,Genderqueer,133.19.111.158
873,Chiquita,Porrett,cporretto8@forbes.com,Bigender,94.95.134.53
874,Olivia,Klainer,oklainero9@51.la,Agender,197.165.75.26
875,Guenna,Putman,gputmanoa@youtube.com,Polygender,10.107.195.54
876,Zacharie,Pittendreigh,zpittendreighob@wikipedia.org,Polygender,105.83.122.91
877,Barbaraanne,Scott,bscottoc@mit.edu,Non-binary,21.251.122.254
878,Maryjane,Hourstan,mhourstanod@blinklist.com,Male,85.109.211.203
879,Tadeas,Sizzey,tsizzeyoe@vinaora.com,Non-binary,184.157.42.227
880,Evvy,Mytton,emyttonof@yelp.com,Male,168.71.206.89
881,Byron,Thombleson,bthomblesonog@dagondesign.com,Bigender,176.71.40.130
882,Emlynne,Armfirld,earmfirldoh@google.cn,Agender,218.60.73.124
883,Anatollo,Savidge,asavidgeoi@wisc.edu,Genderfluid,204.137.116.32
884,Cecil,McLorinan,cmclorinanoj@webnode.com,Female,127.212.78.150
885,Wenonah,Beggan,wbegganok@seattletimes.com,Bigender,37.27.65.210
886,Orran,Mackie,omackieol@people.com.cn,Polygender,53.165.214.37
887,Isabel,Lurcock,ilurcockom@dedecms.com,Genderfluid,248.253.174.135
888,Filberto,McKune,fmckuneon@archive.org,Genderqueer,193.216.234.36
889,Esteban,Thurnham,ethurnhamoo@fda.gov,Female,207.70.209.101
890,Jami,Harse,jharseop@springer.com,Agender,177.1.29.211
891,Malena,Blasetti,mblasettioq@illinois.edu,Bigender,111.128.150.122
892,Toiboid,Lange,tlangeor@earthlink.net,Bigender,210.212.20.246
893,Maurits,Rope,mropeos@mozilla.com,Female,50.139.81.163
894,Ketti,Croke,kcrokeot@g.co,Female,199.11.80.128
895,Randi,Bessell,rbessellou@nbcnews.com,Agender,74.208.155.33
896,Hannah,Burgise,hburgiseov@kickstarter.com,Bigender,85.87.184.224
897,Pearline,Morman,pmormanow@amazonaws.com,Bigender,155.151.8.6
898,Ciro,Libbe,clibbeox@theatlantic.com,Genderfluid,20.28.2.107
899,Alfie,Pellett,apellettoy@tripadvisor.com,Genderqueer,4.74.80.162
900,Trenna,Heeran,theeranoz@harvard.edu,Non-binary,99.227.145.22
901,Fernande,Woolaston,fwoolastonp0@macromedia.com,Genderqueer,234.51.220.119
902,Bernardo,Odde,boddep1@51.la,Male,63.186.92.241
903,Gale,Antoszewski,gantoszewskip2@pagesperso-orange.fr,Genderfluid,90.197.29.244
904,Hester,Waistall,hwaistallp3@symantec.com,Genderqueer,208.20.57.28
905,Florence,Juszkiewicz,fjuszkiewiczp4@abc.net.au,Polygender,117.87.136.250
906,Legra,Salle,lsallep5@mtv.com,Polygender,68.238.240.7
907,Tammi,Pococke,tpocockep6@imageshack.us,Genderfluid,182.6.65.221
908,Bibi,Deyes,bdeyesp7@wikispaces.com,Male,4.16.148.243
909,Derby,Pankettman,dpankettmanp8@sourceforge.net,Polygender,168.226.176.186
910,Myrwyn,Cambden,mcambdenp9@hud.gov,Agender,52.177.215.152
911,Claiborne,Marfield,cmarfieldpa@cisco.com,Bigender,89.86.12.115
912,Kristel,Roelvink,kroelvinkpb@nih.gov,Bigender,70.247.136.213
913,Denyse,Kubec,dkubecpc@aol.com,Genderfluid,64.41.49.56
914,Maddalena,Bunning,mbunningpd@desdev.cn,Bigender,75.205.92.155
915,Rani,Haney,rhaneype@webeden.co.uk,Female,233.8.198.254
916,Mortimer,Full,mfullpf@tmall.com,Non-binary,50.27.141.66
917,Ralina,Whittier,rwhittierpg@homestead.com,Bigender,121.197.203.240
918,Angy,Coady,acoadyph@sina.com.cn,Genderfluid,111.44.116.239
919,Obie,Scamerden,oscamerdenpi@hexun.com,Genderfluid,14.80.51.58
920,Willi,Engeham,wengehampj@statcounter.com,Bigender,190.131.176.125
921,Christabel,Deyenhardt,cdeyenhardtpk@histats.com,Genderfluid,91.118.230.17
922,Cherri,Spinella,cspinellapl@macromedia.com,Genderqueer,79.133.102.20
923,Melvyn,Timeby,mtimebypm@freewebs.com,Female,47.87.94.59
924,Kari,Dict,kdictpn@ca.gov,Genderfluid,225.130.106.126
925,Dale,Livingstone,dlivingstonepo@wiley.com,Female,35.181.43.55
926,Emmy,Kippling,ekipplingpp@craigslist.org,Polygender,36.241.193.121
927,Derril,Lamble,dlamblepq@telegraph.co.uk,Agender,194.35.141.48
928,Natal,Walisiak,nwalisiakpr@tuttocitta.it,Non-binary,106.150.12.159
929,Adriena,Garvan,agarvanps@simplemachines.org,Polygender,11.11.176.62
930,Maximilian,McGhee,mmcgheept@goo.ne.jp,Female,248.25.56.117
931,Erroll,Danher,edanherpu@boston.com,Genderfluid,43.161.0.215
932,Gael,Reggler,gregglerpv@wunderground.com,Non-binary,53.90.181.162
933,Stephen,Cowburn,scowburnpw@apache.org,Female,80.240.95.185
934,Jacquelynn,Teresi,jteresipx@globo.com,Agender,217.157.193.22
935,Dede,Benyan,dbenyanpy@cdbaby.com,Male,165.47.74.94
936,Merwyn,Chrichton,mchrichtonpz@illinois.edu,Bigender,202.4.227.95
937,Anatole,Coase,acoaseq0@chicagotribune.com,Genderfluid,21.219.3.122
938,Talia,Collidge,tcollidgeq1@wsj.com,Female,127.227.15.42
939,Bale,Cicullo,bciculloq2@themeforest.net,Genderfluid,44.25.83.10
940,Drusy,Manneville,dmannevilleq3@nytimes.com,Agender,53.67.215.251
941,Fonz,McKellen,fmckellenq4@shop-pro.jp,Male,98.246.224.82
942,Deloria,Dunnaway,ddunnawayq5@state.gov,Agender,19.186.169.181
943,Jourdain,Sabatini,jsabatiniq6@yolasite.com,Genderfluid,78.26.7.32
944,Sargent,Rivers,sriversq7@360.cn,Agender,115.36.195.76
945,Dante,Coltart,dcoltartq8@imgur.com,Genderqueer,129.30.62.23
946,Weston,Barbrook,wbarbrookq9@rakuten.co.jp,Genderqueer,212.105.107.187
947,Ida,Gianelli,igianelliqa@wunderground.com,Male,249.42.47.206
948,Link,Archdeacon,larchdeaconqb@paginegialle.it,Genderfluid,144.45.205.29
949,Nap,Tourry,ntourryqc@illinois.edu,Bigender,146.124.207.153
950,Lanna,Threadgall,lthreadgallqd@apache.org,Female,71.231.79.171
951,Jeana,Mariaud,jmariaudqe@uol.com.br,Bigender,29.112.244.253
952,Dougie,Foster-Smith,dfostersmithqf@economist.com,Female,247.15.222.213
953,Abram,de Bullion,adebullionqg@technorati.com,Non-binary,162.229.33.176
954,Lindy,Murney,lmurneyqh@imageshack.us,Polygender,125.94.52.238
955,Florina,Spurgeon,fspurgeonqi@go.com,Genderqueer,96.5.159.251
956,Jakob,Dykas,jdykasqj@zdnet.com,Agender,234.198.3.44
957,Des,Folomin,dfolominqk@digg.com,Female,117.197.87.198
958,Andromache,Babonau,ababonauql@spotify.com,Genderfluid,193.223.11.17
959,Karrah,Westgarth,kwestgarthqm@webs.com,Genderfluid,167.234.102.126
960,Errick,Christene,echristeneqn@epa.gov,Polygender,7.92.189.19
961,Happy,Skates,hskatesqo@uiuc.edu,Genderqueer,56.226.173.248
962,Hillier,Tankard,htankardqp@nytimes.com,Genderfluid,232.37.198.226
963,Kaile,Outerbridge,kouterbridgeqq@webnode.com,Male,171.246.229.61
964,Myca,Fronzek,mfronzekqr@mac.com,Male,145.197.42.188
965,Demeter,Gillan,dgillanqs@techcrunch.com,Genderfluid,109.2.170.70
966,Simon,Whitear,swhitearqt@bravesites.com,Polygender,250.79.83.37
967,Paxon,Everson,peversonqu@123-reg.co.uk,Agender,74.158.179.195
968,Nicoline,Kinningley,nkinningleyqv@51.la,Male,104.152.251.177
969,Yorgos,Patifield,ypatifieldqw@yahoo.co.jp,Non-binary,15.56.235.184
970,Selena,Hutfield,shutfieldqx@vk.com,Bigender,198.69.48.174
971,Penny,Folks,pfolksqy@miibeian.gov.cn,Non-binary,223.162.145.203
972,Sharity,Clarey,sclareyqz@biglobe.ne.jp,Polygender,65.25.221.15
973,Lombard,Mealing,lmealingr0@whitehouse.gov,Polygender,245.71.19.0
974,Berny,Roderigo,broderigor1@ft.com,Genderfluid,31.216.225.246
975,Nicolai,Thalmann,nthalmannr2@admin.ch,Female,17.228.146.41
976,Bil,Lies,bliesr3@deliciousdays.com,Non-binary,45.167.145.86
977,Malina,Luckings,mluckingsr4@prweb.com,Polygender,46.28.176.129
978,Philippine,Bayle,pbayler5@miibeian.gov.cn,Genderqueer,202.158.173.219
979,Quinn,Gai,qgair6@psu.edu,Polygender,38.236.175.74
980,Margie,Merman,mmermanr7@delicious.com,Male,27.248.174.20
981,Enid,Alejo,ealejor8@wikia.com,Non-binary,103.216.184.68
982,Veradis,Budnik,vbudnikr9@discovery.com,Genderqueer,101.7.179.84
983,Caresse,Claringbold,cclaringboldra@zimbio.com,Polygender,57.45.63.10
984,Zechariah,Cockitt,zcockittrb@topsy.com,Bigender,237.218.197.24
985,Benedetta,Lygo,blygorc@soundcloud.com,Polygender,194.116.166.132
986,Nolan,Coggings,ncoggingsrd@bravesites.com,Genderqueer,34.161.155.113
987,Belita,O'Hannen,bohannenre@illinois.edu,Bigender,196.134.31.31
988,Henrietta,Edensor,hedensorrf@zimbio.com,Bigender,70.240.47.108
989,Jaquenette,Norcop,jnorcoprg@bloglines.com,Agender,123.160.22.9
990,Quentin,Pignon,qpignonrh@mysql.com,Non-binary,99.172.16.87
991,Nathalia,Cassel,ncasselri@spotify.com,Non-binary,90.147.14.128
992,Ursulina,Fulcher,ufulcherrj@adobe.com,Non-binary,226.203.39.74
993,Cherey,Jandl,cjandlrk@godaddy.com,Agender,72.155.127.70
994,Jarid,Webster,jwebsterrl@earthlink.net,Female,124.81.251.25
995,Jeff,Hillaby,jhillabyrm@gravatar.com,Non-binary,214.218.120.249
996,Babbette,Tilsley,btilsleyrn@posterous.com,Non-binary,4.66.213.45
997,Ardenia,Kroon,akroonro@twitter.com,Genderqueer,98.234.254.134
998,Lesya,Upstone,lupstonerp@gnu.org,Male,1.191.229.251
999,Travus,Casina,tcasinarq@cbslocal.com,Agender,65.20.100.29
1000,Gilles,Cona,gconarr@answers.com,Female,173.121.248.0
